dataset,protocol,test_cell,row_index,cycle_number,measurement_source,model,window,selected_model,selected_window,mode,availability,true_soh,pred_soh,abs_error,feature_assembly_time_ms,inference_time_ms,total_update_time_ms,model_size_kb,n_experts,measurement_val_rmse
Dataset 1,BMS-1_runtime_fast_pruned,Cell01,0,0.0,Best-single-selected,Best-single-selected,per_fold_selected,ExtraTrees,narrow_36_385,measurement_update,1.0,1.0,0.9998327347440854,0.00016726525591459485,0.41200999999091437,86.79537300008633,87.20738300007724,1911.5068359375,1,0.01044489905754965
Dataset 1,BMS-1_runtime_fast_pruned,Cell01,1,41.0,Best-single-selected,Best-single-selected,per_fold_selected,ExtraTrees,narrow_36_385,measurement_update,1.0,0.9456190529227664,0.9501573100907897,0.004538257168023363,0.4412499999943975,77.76161200001752,78.20286200001192,1911.5068359375,1,0.01044489905754965
Dataset 1,BMS-1_runtime_fast_pruned,Cell01,2,59.0,Best-single-selected,Best-single-selected,per_fold_selected,ExtraTrees,narrow_36_385,measurement_update,1.0,0.9187197468101648,0.9236123314112848,0.004892584601120076,0.5368599998973878,79.94721300008223,80.48407299997962,1911.5068359375,1,0.01044489905754965
Dataset 1,BMS-1_runtime_fast_pruned,Cell01,3,98.0,Best-single-selected,Best-single-selected,per_fold_selected,ExtraTrees,narrow_36_385,measurement_update,1.0,0.8968224477968175,0.9141803750290505,0.01735792723223295,0.5615000000034343,66.25187200006621,66.81337200006965,1911.5068359375,1,0.01044489905754965
Dataset 1,BMS-1_runtime_fast_pruned,Cell01,4,134.0,Best-single-selected,Best-single-selected,per_fold_selected,ExtraTrees,narrow_36_385,measurement_update,1.0,0.8775754212904102,0.899546589881802,0.02197116859139181,0.47295000001668086,63.90009199992619,64.37304199994287,1911.5068359375,1,0.01044489905754965
Dataset 1,BMS-1_runtime_fast_pruned,Cell01,5,175.0,Best-single-selected,Best-single-selected,per_fold_selected,ExtraTrees,narrow_36_385,measurement_update,1.0,0.8659219407337793,0.8738962065814646,0.007974265847685347,0.4533400000354959,66.03244199993696,66.48578199997246,1911.5068359375,1,0.01044489905754965
Dataset 1,BMS-1_runtime_fast_pruned,Cell01,6,216.0,Best-single-selected,Best-single-selected,per_fold_selected,ExtraTrees,narrow_36_385,measurement_update,1.0,0.8441512446516494,0.8542229999700659,0.010071755318416531,0.3917399999409099,77.89539200007312,78.28713200001403,1911.5068359375,1,0.01044489905754965
Dataset 1,BMS-1_runtime_fast_pruned,Cell01,7,257.0,Best-single-selected,Best-single-selected,per_fold_selected,ExtraTrees,narrow_36_385,measurement_update,1.0,0.8164720945178325,0.8272547293272383,0.010782634809405778,0.5754400000341775,83.66631299998062,84.2417530000148,1911.5068359375,1,0.01044489905754965
Dataset 1,BMS-1_runtime_fast_pruned,Cell01,8,298.0,Best-single-selected,Best-single-selected,per_fold_selected,ExtraTrees,narrow_36_385,measurement_update,1.0,0.7743791817179085,0.7807578464296386,0.006378664711730098,0.4751599999508471,75.8500429999458,76.32520299989665,1911.5068359375,1,0.01044489905754965
Dataset 1,BMS-1_runtime_fast_pruned,Cell01,9,339.0,Best-single-selected,Best-single-selected,per_fold_selected,ExtraTrees,narrow_36_385,measurement_update,1.0,0.7466560722603011,0.7551341615339703,0.00847808927366922,0.47033999999257503,64.95219200007796,65.42253200007053,1911.5068359375,1,0.01044489905754965
Dataset 1,BMS-1_runtime_fast_pruned,Cell01,10,380.0,Best-single-selected,Best-single-selected,per_fold_selected,ExtraTrees,narrow_36_385,measurement_update,1.0,0.694138598795892,0.709022185457765,0.01488358666187295,0.5160000000614673,65.79346199998781,66.30946200004928,1911.5068359375,1,0.01044489905754965
Dataset 1,BMS-1_runtime_fast_pruned,Cell01,0,0.0,MAW-GME-full-36experts,MAW-GME-full-36experts,adaptive_windows,MAW-GME-full-36experts,adaptive_windows,measurement_update,1.0,1.0,0.9944868355094192,0.005513164490580813,7.326990000024125,639.9452399999745,647.2722299999987,15252.2939453125,36,0.020657209702941937
Dataset 1,BMS-1_runtime_fast_pruned,Cell01,1,41.0,MAW-GME-full-36experts,MAW-GME-full-36experts,adaptive_windows,MAW-GME-full-36experts,adaptive_windows,measurement_update,1.0,0.9456190529227664,0.9470782547714408,0.0014592018486744296,6.528231000061169,700.6114519999755,707.1396830000367,15252.2939453125,36,0.020657209702941937
Dataset 1,BMS-1_runtime_fast_pruned,Cell01,2,59.0,MAW-GME-full-36experts,MAW-GME-full-36experts,adaptive_windows,MAW-GME-full-36experts,adaptive_windows,measurement_update,1.0,0.9187197468101648,0.9235863555807758,0.0048666087706110694,6.543091000025925,685.6373210000584,692.1804120000843,15252.2939453125,36,0.020657209702941937
Dataset 1,BMS-1_runtime_fast_pruned,Cell01,3,98.0,MAW-GME-full-36experts,MAW-GME-full-36experts,adaptive_windows,MAW-GME-full-36experts,adaptive_windows,measurement_update,1.0,0.8968224477968175,0.909543550113689,0.012721102316871513,6.218160999992506,678.7086909999971,684.9268519999896,15252.2939453125,36,0.020657209702941937
Dataset 1,BMS-1_runtime_fast_pruned,Cell01,4,134.0,MAW-GME-full-36experts,MAW-GME-full-36experts,adaptive_windows,MAW-GME-full-36experts,adaptive_windows,measurement_update,1.0,0.8775754212904102,0.894043374110918,0.016467952820507836,6.468789999985347,737.1754430000692,743.6442330000546,15252.2939453125,36,0.020657209702941937
Dataset 1,BMS-1_runtime_fast_pruned,Cell01,5,175.0,MAW-GME-full-36experts,MAW-GME-full-36experts,adaptive_windows,MAW-GME-full-36experts,adaptive_windows,measurement_update,1.0,0.8659219407337793,0.877152219579656,0.011230278845876684,6.471210999961841,721.7143130000068,728.1855239999686,15252.2939453125,36,0.020657209702941937
Dataset 1,BMS-1_runtime_fast_pruned,Cell01,6,216.0,MAW-GME-full-36experts,MAW-GME-full-36experts,adaptive_windows,MAW-GME-full-36experts,adaptive_windows,measurement_update,1.0,0.8441512446516494,0.8556857058920947,0.011534461240445326,6.478319999928317,719.8814249999259,726.3597449998542,15252.2939453125,36,0.020657209702941937
Dataset 1,BMS-1_runtime_fast_pruned,Cell01,7,257.0,MAW-GME-full-36experts,MAW-GME-full-36experts,adaptive_windows,MAW-GME-full-36experts,adaptive_windows,measurement_update,1.0,0.8164720945178325,0.8231464046375478,0.00667431011971531,6.602888000088569,745.2772860000323,751.8801740001209,15252.2939453125,36,0.020657209702941937
Dataset 1,BMS-1_runtime_fast_pruned,Cell01,8,298.0,MAW-GME-full-36experts,MAW-GME-full-36experts,adaptive_windows,MAW-GME-full-36experts,adaptive_windows,measurement_update,1.0,0.7743791817179085,0.7832841703639104,0.008904988646001866,6.410948000052485,881.6126650000342,888.0236130000867,15252.2939453125,36,0.020657209702941937
Dataset 1,BMS-1_runtime_fast_pruned,Cell01,9,339.0,MAW-GME-full-36experts,MAW-GME-full-36experts,adaptive_windows,MAW-GME-full-36experts,adaptive_windows,measurement_update,1.0,0.7466560722603011,0.758841234476105,0.012185162215803902,6.302197999957571,712.5524479999967,718.8546459999543,15252.2939453125,36,0.020657209702941937
Dataset 1,BMS-1_runtime_fast_pruned,Cell01,10,380.0,MAW-GME-full-36experts,MAW-GME-full-36experts,adaptive_windows,MAW-GME-full-36experts,adaptive_windows,measurement_update,1.0,0.694138598795892,0.710682115212367,0.016543516416475,6.634817999952247,706.5806589999966,713.2154769999488,15252.2939453125,36,0.020657209702941937
Dataset 1,BMS-1_runtime_fast_pruned,Cell01,0,0.0,Fast-MAW-GME-K3-latency-aware,Fast-MAW-GME-K3-latency-aware,adaptive_windows,Fast-MAW-GME-K3-latency-aware,adaptive_windows,measurement_update,1.0,1.0,0.9986565498557293,0.0013434501442707303,0.8111700000199562,245.99014000000352,246.80131000002348,5072.0712890625,3,0.010916508751521063
Dataset 1,BMS-1_runtime_fast_pruned,Cell01,1,41.0,Fast-MAW-GME-K3-latency-aware,Fast-MAW-GME-K3-latency-aware,adaptive_windows,Fast-MAW-GME-K3-latency-aware,adaptive_windows,measurement_update,1.0,0.9456190529227664,0.9487462513955236,0.00312719847275722,1.3491400000020803,247.14326900004835,248.49240900005043,5072.0712890625,3,0.010916508751521063
Dataset 1,BMS-1_runtime_fast_pruned,Cell01,2,59.0,Fast-MAW-GME-K3-latency-aware,Fast-MAW-GME-K3-latency-aware,adaptive_windows,Fast-MAW-GME-K3-latency-aware,adaptive_windows,measurement_update,1.0,0.9187197468101648,0.9231125148101031,0.004392767999938374,1.1577599999554877,231.10147499994582,232.2592349999013,5072.0712890625,3,0.010916508751521063
Dataset 1,BMS-1_runtime_fast_pruned,Cell01,3,98.0,Fast-MAW-GME-K3-latency-aware,Fast-MAW-GME-K3-latency-aware,adaptive_windows,Fast-MAW-GME-K3-latency-aware,adaptive_windows,measurement_update,1.0,0.8968224477968175,0.9134165953814838,0.016594147584666263,1.2434399999392554,228.73344599997836,229.9768859999176,5072.0712890625,3,0.010916508751521063
Dataset 1,BMS-1_runtime_fast_pruned,Cell01,4,134.0,Fast-MAW-GME-K3-latency-aware,Fast-MAW-GME-K3-latency-aware,adaptive_windows,Fast-MAW-GME-K3-latency-aware,adaptive_windows,measurement_update,1.0,0.8775754212904102,0.8946440494879235,0.017068628197513314,1.1212389999855077,256.21989600006145,257.34113500004696,5072.0712890625,3,0.010916508751521063
Dataset 1,BMS-1_runtime_fast_pruned,Cell01,5,175.0,Fast-MAW-GME-K3-latency-aware,Fast-MAW-GME-K3-latency-aware,adaptive_windows,Fast-MAW-GME-K3-latency-aware,adaptive_windows,measurement_update,1.0,0.8659219407337793,0.8755675612677646,0.009645620533985322,1.2273889999505627,246.3047789999564,247.53216799990696,5072.0712890625,3,0.010916508751521063
Dataset 1,BMS-1_runtime_fast_pruned,Cell01,6,216.0,Fast-MAW-GME-K3-latency-aware,Fast-MAW-GME-K3-latency-aware,adaptive_windows,Fast-MAW-GME-K3-latency-aware,adaptive_windows,measurement_update,1.0,0.8441512446516494,0.855428041312684,0.01127679666103465,1.1380299999927956,236.3042529999575,237.4422829999503,5072.0712890625,3,0.010916508751521063
Dataset 1,BMS-1_runtime_fast_pruned,Cell01,7,257.0,Fast-MAW-GME-K3-latency-aware,Fast-MAW-GME-K3-latency-aware,adaptive_windows,Fast-MAW-GME-K3-latency-aware,adaptive_windows,measurement_update,1.0,0.8164720945178325,0.8265515654865216,0.010079470968689108,1.0067199999639342,238.41357200001312,239.42029199997705,5072.0712890625,3,0.010916508751521063
Dataset 1,BMS-1_runtime_fast_pruned,Cell01,8,298.0,Fast-MAW-GME-K3-latency-aware,Fast-MAW-GME-K3-latency-aware,adaptive_windows,Fast-MAW-GME-K3-latency-aware,adaptive_windows,measurement_update,1.0,0.7743791817179085,0.7803502134181783,0.005971031700269802,1.0117000000491316,243.13781000000745,244.14951000005658,5072.0712890625,3,0.010916508751521063
Dataset 1,BMS-1_runtime_fast_pruned,Cell01,9,339.0,Fast-MAW-GME-K3-latency-aware,Fast-MAW-GME-K3-latency-aware,adaptive_windows,Fast-MAW-GME-K3-latency-aware,adaptive_windows,measurement_update,1.0,0.7466560722603011,0.7541994191627419,0.007543346902440851,1.1589900000217312,234.00087400000302,235.15986400002475,5072.0712890625,3,0.010916508751521063
Dataset 1,BMS-1_runtime_fast_pruned,Cell01,10,380.0,Fast-MAW-GME-K3-latency-aware,Fast-MAW-GME-K3-latency-aware,adaptive_windows,Fast-MAW-GME-K3-latency-aware,adaptive_windows,measurement_update,1.0,0.694138598795892,0.7103185197011764,0.016179920905284417,1.1022099999991042,231.8162049999728,232.9184149999719,5072.0712890625,3,0.010916508751521063
Dataset 1,BMS-1_runtime_fast_pruned,Cell01,0,0.0,Fast-MAW-GME-K5-latency-aware,Fast-MAW-GME-K5-latency-aware,adaptive_windows,Fast-MAW-GME-K5-latency-aware,adaptive_windows,measurement_update,1.0,1.0,0.9986313052061523,0.0013686947938477134,1.392338999949061,414.7566069999584,416.1489459999075,8231.1611328125,5,0.011257970504106304
Dataset 1,BMS-1_runtime_fast_pruned,Cell01,1,41.0,Fast-MAW-GME-K5-latency-aware,Fast-MAW-GME-K5-latency-aware,adaptive_windows,Fast-MAW-GME-K5-latency-aware,adaptive_windows,measurement_update,1.0,0.9456190529227664,0.9483202454682751,0.0027011925455087127,2.3140790000297784,416.4684759999773,418.78255500000705,8231.1611328125,5,0.011257970504106304
Dataset 1,BMS-1_runtime_fast_pruned,Cell01,2,59.0,Fast-MAW-GME-K5-latency-aware,Fast-MAW-GME-K5-latency-aware,adaptive_windows,Fast-MAW-GME-K5-latency-aware,adaptive_windows,measurement_update,1.0,0.9187197468101648,0.9233501469999803,0.004630400189815531,1.5605500000219763,419.97741500006214,421.5379650000841,8231.1611328125,5,0.011257970504106304
Dataset 1,BMS-1_runtime_fast_pruned,Cell01,3,98.0,Fast-MAW-GME-K5-latency-aware,Fast-MAW-GME-K5-latency-aware,adaptive_windows,Fast-MAW-GME-K5-latency-aware,adaptive_windows,measurement_update,1.0,0.8968224477968175,0.9125457039259799,0.015723256129162366,2.401219000034871,421.293334999973,423.6945540000079,8231.1611328125,5,0.011257970504106304
Dataset 1,BMS-1_runtime_fast_pruned,Cell01,4,134.0,Fast-MAW-GME-K5-latency-aware,Fast-MAW-GME-K5-latency-aware,adaptive_windows,Fast-MAW-GME-K5-latency-aware,adaptive_windows,measurement_update,1.0,0.8775754212904102,0.8913179572316774,0.013742535941267175,1.6576190000705537,411.2653180000052,412.92293700007576,8231.1611328125,5,0.011257970504106304
Dataset 1,BMS-1_runtime_fast_pruned,Cell01,5,175.0,Fast-MAW-GME-K5-latency-aware,Fast-MAW-GME-K5-latency-aware,adaptive_windows,Fast-MAW-GME-K5-latency-aware,adaptive_windows,measurement_update,1.0,0.8659219407337793,0.8758380324523822,0.00991609171860297,1.2652599999682934,414.972877000082,416.2381370000503,8231.1611328125,5,0.011257970504106304
Dataset 1,BMS-1_runtime_fast_pruned,Cell01,6,216.0,Fast-MAW-GME-K5-latency-aware,Fast-MAW-GME-K5-latency-aware,adaptive_windows,Fast-MAW-GME-K5-latency-aware,adaptive_windows,measurement_update,1.0,0.8441512446516494,0.8537592329191143,0.009607988267464895,1.6523399999641697,397.33392300001924,398.9862629999834,8231.1611328125,5,0.011257970504106304
Dataset 1,BMS-1_runtime_fast_pruned,Cell01,7,257.0,Fast-MAW-GME-K5-latency-aware,Fast-MAW-GME-K5-latency-aware,adaptive_windows,Fast-MAW-GME-K5-latency-aware,adaptive_windows,measurement_update,1.0,0.8164720945178325,0.8269369057838901,0.010464811266057583,1.2650290000237874,428.3280519999835,429.59308100000726,8231.1611328125,5,0.011257970504106304
Dataset 1,BMS-1_runtime_fast_pruned,Cell01,8,298.0,Fast-MAW-GME-K5-latency-aware,Fast-MAW-GME-K5-latency-aware,adaptive_windows,Fast-MAW-GME-K5-latency-aware,adaptive_windows,measurement_update,1.0,0.7743791817179085,0.7803995049697763,0.006020323251867743,1.8552090000412136,396.47462400000677,398.329833000048,8231.1611328125,5,0.011257970504106304
Dataset 1,BMS-1_runtime_fast_pruned,Cell01,9,339.0,Fast-MAW-GME-K5-latency-aware,Fast-MAW-GME-K5-latency-aware,adaptive_windows,Fast-MAW-GME-K5-latency-aware,adaptive_windows,measurement_update,1.0,0.7466560722603011,0.7532577854250277,0.006601713164726686,1.540238999950816,396.52300400007334,398.06324300002416,8231.1611328125,5,0.011257970504106304
Dataset 1,BMS-1_runtime_fast_pruned,Cell01,10,380.0,Fast-MAW-GME-K5-latency-aware,Fast-MAW-GME-K5-latency-aware,adaptive_windows,Fast-MAW-GME-K5-latency-aware,adaptive_windows,measurement_update,1.0,0.694138598795892,0.7096277875549066,0.015489188759014616,1.3871489999246478,411.73471900003733,413.121867999962,8231.1611328125,5,0.011257970504106304
Dataset 1,BMS-1_runtime_fast_pruned,Cell03,0,0.0,Best-single-selected,Best-single-selected,per_fold_selected,Ridge,narrow_36_385,measurement_update,1.0,1.0,0.9709615416121337,0.02903845838786634,0.3302600000552047,1.9738490000236197,2.3041090000788245,2.3203125,1,0.005823704875343138
Dataset 1,BMS-1_runtime_fast_pruned,Cell03,1,5.0,Best-single-selected,Best-single-selected,per_fold_selected,Ridge,narrow_36_385,measurement_update,1.0,0.97194358409899,0.9528839020398894,0.01905968205910058,0.23654000005990383,1.6634190000104354,1.8999590000703392,2.3203125,1,0.005823704875343138
Dataset 1,BMS-1_runtime_fast_pruned,Cell03,2,10.0,Best-single-selected,Best-single-selected,per_fold_selected,Ridge,narrow_36_385,measurement_update,1.0,0.9566403291558552,0.9367312894571143,0.019909039698740916,0.22382999998171726,1.6092100000832943,1.8330400000650116,2.3203125,1,0.005823704875343138
Dataset 1,BMS-1_runtime_fast_pruned,Cell03,3,15.0,Best-single-selected,Best-single-selected,per_fold_selected,Ridge,narrow_36_385,measurement_update,1.0,0.9447874668454788,0.9294212376869165,0.015366229158562228,0.20879900000636553,1.7004590000624376,1.909258000068803,2.3203125,1,0.005823704875343138
Dataset 1,BMS-1_runtime_fast_pruned,Cell03,4,23.0,Best-single-selected,Best-single-selected,per_fold_selected,Ridge,narrow_36_385,measurement_update,1.0,0.929238839269484,0.9132709954217448,0.015967843847739194,0.21200999992743164,1.570929000081378,1.7829390000088097,2.3203125,1,0.005823704875343138
Dataset 1,BMS-1_runtime_fast_pruned,Cell03,5,28.0,Best-single-selected,Best-single-selected,per_fold_selected,Ridge,narrow_36_385,measurement_update,1.0,0.9179919186759256,0.9022959935188248,0.01569592515710072,0.21519000006264832,1.5175990000670936,1.732789000129742,2.3203125,1,0.005823704875343138
Dataset 1,BMS-1_runtime_fast_pruned,Cell03,6,36.0,Best-single-selected,Best-single-selected,per_fold_selected,Ridge,narrow_36_385,measurement_update,1.0,0.9050143573959274,0.8928281682576187,0.012186189138308712,0.5663599999934377,2.3399490000883816,2.9063090000818192,2.3203125,1,0.005823704875343138
Dataset 1,BMS-1_runtime_fast_pruned,Cell03,7,55.0,Best-single-selected,Best-single-selected,per_fold_selected,Ridge,narrow_36_385,measurement_update,1.0,0.8797385130406137,0.8618635756534827,0.017874937387130974,0.25244999994811224,1.721499000041149,1.9739489999892612,2.3203125,1,0.005823704875343138
Dataset 1,BMS-1_runtime_fast_pruned,Cell03,8,79.0,Best-single-selected,Best-single-selected,per_fold_selected,Ridge,narrow_36_385,measurement_update,1.0,0.8484179969816661,0.8335331841051102,0.014884812876555853,0.21457999991980614,1.6545700000278885,1.8691499999476946,2.3203125,1,0.005823704875343138
Dataset 1,BMS-1_runtime_fast_pruned,Cell03,9,104.0,Best-single-selected,Best-single-selected,per_fold_selected,Ridge,narrow_36_385,measurement_update,1.0,0.8165193640926967,0.8038450193455684,0.012674344747128252,0.23212999997213046,1.6569199999594275,1.889049999931558,2.3203125,1,0.005823704875343138
Dataset 1,BMS-1_runtime_fast_pruned,Cell03,0,0.0,MAW-GME-full-36experts,MAW-GME-full-36experts,adaptive_windows,MAW-GME-full-36experts,adaptive_windows,measurement_update,1.0,1.0,0.9706873844337399,0.02931261556626008,6.020977000048333,674.2793219999612,680.3002990000095,15512.103515625,36,0.013797851503416638
Dataset 1,BMS-1_runtime_fast_pruned,Cell03,1,5.0,MAW-GME-full-36experts,MAW-GME-full-36experts,adaptive_windows,MAW-GME-full-36experts,adaptive_windows,measurement_update,1.0,0.97194358409899,0.9528968379828061,0.019046746116183844,6.206928999972661,623.5975600000074,629.8044889999801,15512.103515625,36,0.013797851503416638
Dataset 1,BMS-1_runtime_fast_pruned,Cell03,2,10.0,MAW-GME-full-36experts,MAW-GME-full-36experts,adaptive_windows,MAW-GME-full-36experts,adaptive_windows,measurement_update,1.0,0.9566403291558552,0.9358281067413038,0.020812222414551385,8.618667000064306,696.6799839999567,705.298651000021,15512.103515625,36,0.013797851503416638
Dataset 1,BMS-1_runtime_fast_pruned,Cell03,3,15.0,MAW-GME-full-36experts,MAW-GME-full-36experts,adaptive_windows,MAW-GME-full-36experts,adaptive_windows,measurement_update,1.0,0.9447874668454788,0.926556857215612,0.01823060962986678,6.522158000052514,703.7604199999805,710.282578000033,15512.103515625,36,0.013797851503416638
Dataset 1,BMS-1_runtime_fast_pruned,Cell03,4,23.0,MAW-GME-full-36experts,MAW-GME-full-36experts,adaptive_windows,MAW-GME-full-36experts,adaptive_windows,measurement_update,1.0,0.929238839269484,0.9113589722430697,0.01787986702641431,6.229127999972661,669.5884529999603,675.8175809999329,15512.103515625,36,0.013797851503416638
Dataset 1,BMS-1_runtime_fast_pruned,Cell03,5,28.0,MAW-GME-full-36experts,MAW-GME-full-36experts,adaptive_windows,MAW-GME-full-36experts,adaptive_windows,measurement_update,1.0,0.9179919186759256,0.9018182999829679,0.016173618692957636,6.392337999955089,659.3225569999959,665.714894999951,15512.103515625,36,0.013797851503416638
Dataset 1,BMS-1_runtime_fast_pruned,Cell03,6,36.0,MAW-GME-full-36experts,MAW-GME-full-36experts,adaptive_windows,MAW-GME-full-36experts,adaptive_windows,measurement_update,1.0,0.9050143573959274,0.893394621746424,0.01161973564950336,6.545557999970697,670.5401929999653,677.085750999936,15512.103515625,36,0.013797851503416638
Dataset 1,BMS-1_runtime_fast_pruned,Cell03,7,55.0,MAW-GME-full-36experts,MAW-GME-full-36experts,adaptive_windows,MAW-GME-full-36experts,adaptive_windows,measurement_update,1.0,0.8797385130406137,0.8627813506969241,0.016957162343689602,6.246267999813426,687.8043570000045,694.050624999818,15512.103515625,36,0.013797851503416638
Dataset 1,BMS-1_runtime_fast_pruned,Cell03,8,79.0,MAW-GME-full-36experts,MAW-GME-full-36experts,adaptive_windows,MAW-GME-full-36experts,adaptive_windows,measurement_update,1.0,0.8484179969816661,0.83259179068011,0.015826206301556067,6.928147000053286,697.2937129999082,704.2218599999615,15512.103515625,36,0.013797851503416638
Dataset 1,BMS-1_runtime_fast_pruned,Cell03,9,104.0,MAW-GME-full-36experts,MAW-GME-full-36experts,adaptive_windows,MAW-GME-full-36experts,adaptive_windows,measurement_update,1.0,0.8165193640926967,0.8054371364093487,0.01108222768334799,6.9403770000917575,699.4411119999313,706.3814890000231,15512.103515625,36,0.013797851503416638
Dataset 1,BMS-1_runtime_fast_pruned,Cell03,0,0.0,Fast-MAW-GME-K3-latency-aware,Fast-MAW-GME-K3-latency-aware,adaptive_windows,Fast-MAW-GME-K3-latency-aware,adaptive_windows,measurement_update,1.0,1.0,0.9756626012808451,0.024337398719154857,0.8316299999933108,84.89403799990214,85.72566799989545,1957.451171875,3,0.006208859790695275
Dataset 1,BMS-1_runtime_fast_pruned,Cell03,1,5.0,Fast-MAW-GME-K3-latency-aware,Fast-MAW-GME-K3-latency-aware,adaptive_windows,Fast-MAW-GME-K3-latency-aware,adaptive_windows,measurement_update,1.0,0.97194358409899,0.9540305345053357,0.01791304959365425,1.021079999873109,96.88990399990871,97.91098399978182,1957.451171875,3,0.006208859790695275
Dataset 1,BMS-1_runtime_fast_pruned,Cell03,2,10.0,Fast-MAW-GME-K3-latency-aware,Fast-MAW-GME-K3-latency-aware,adaptive_windows,Fast-MAW-GME-K3-latency-aware,adaptive_windows,measurement_update,1.0,0.9566403291558552,0.9373136478060791,0.01932668134977611,1.1329690000820847,71.62098399999195,72.75395300007403,1957.451171875,3,0.006208859790695275
Dataset 1,BMS-1_runtime_fast_pruned,Cell03,3,15.0,Fast-MAW-GME-K3-latency-aware,Fast-MAW-GME-K3-latency-aware,adaptive_windows,Fast-MAW-GME-K3-latency-aware,adaptive_windows,measurement_update,1.0,0.9447874668454788,0.9286264098166431,0.016161057028835635,0.8591700000124547,87.7493579998827,88.60852799989516,1957.451171875,3,0.006208859790695275
Dataset 1,BMS-1_runtime_fast_pruned,Cell03,4,23.0,Fast-MAW-GME-K3-latency-aware,Fast-MAW-GME-K3-latency-aware,adaptive_windows,Fast-MAW-GME-K3-latency-aware,adaptive_windows,measurement_update,1.0,0.929238839269484,0.9122572358589598,0.016981603410524237,1.0882690000926232,83.87300899994443,84.96127800003705,1957.451171875,3,0.006208859790695275
Dataset 1,BMS-1_runtime_fast_pruned,Cell03,5,28.0,Fast-MAW-GME-K3-latency-aware,Fast-MAW-GME-K3-latency-aware,adaptive_windows,Fast-MAW-GME-K3-latency-aware,adaptive_windows,measurement_update,1.0,0.9179919186759256,0.9003853095487233,0.017606609127202244,1.0007689998019487,94.40092600016214,95.40169499996409,1957.451171875,3,0.006208859790695275
Dataset 1,BMS-1_runtime_fast_pruned,Cell03,6,36.0,Fast-MAW-GME-K3-latency-aware,Fast-MAW-GME-K3-latency-aware,adaptive_windows,Fast-MAW-GME-K3-latency-aware,adaptive_windows,measurement_update,1.0,0.9050143573959274,0.889269070729739,0.01574528666618835,1.189799000030689,92.50049499996749,93.69029399999818,1957.451171875,3,0.006208859790695275
Dataset 1,BMS-1_runtime_fast_pruned,Cell03,7,55.0,Fast-MAW-GME-K3-latency-aware,Fast-MAW-GME-K3-latency-aware,adaptive_windows,Fast-MAW-GME-K3-latency-aware,adaptive_windows,measurement_update,1.0,0.8797385130406137,0.8596741352288955,0.020064377811718215,1.00311000005604,82.44635999994898,83.44947000000502,1957.451171875,3,0.006208859790695275
Dataset 1,BMS-1_runtime_fast_pruned,Cell03,8,79.0,Fast-MAW-GME-K3-latency-aware,Fast-MAW-GME-K3-latency-aware,adaptive_windows,Fast-MAW-GME-K3-latency-aware,adaptive_windows,measurement_update,1.0,0.8484179969816661,0.8315829602017883,0.016835036779877743,1.2322600000516104,87.19523800004936,88.42749800010097,1957.451171875,3,0.006208859790695275
Dataset 1,BMS-1_runtime_fast_pruned,Cell03,9,104.0,Fast-MAW-GME-K3-latency-aware,Fast-MAW-GME-K3-latency-aware,adaptive_windows,Fast-MAW-GME-K3-latency-aware,adaptive_windows,measurement_update,1.0,0.8165193640926967,0.803532258655885,0.012987105436811697,1.077350000059596,80.64398000010442,81.72133000016402,1957.451171875,3,0.006208859790695275
Dataset 1,BMS-1_runtime_fast_pruned,Cell03,0,0.0,Fast-MAW-GME-K5-latency-aware,Fast-MAW-GME-K5-latency-aware,adaptive_windows,Fast-MAW-GME-K5-latency-aware,adaptive_windows,measurement_update,1.0,1.0,0.9738998457238867,0.02610015427611334,1.3306990001638042,90.21545700011302,91.54615600027682,1962.0927734375,5,0.006613979246195184
Dataset 1,BMS-1_runtime_fast_pruned,Cell03,1,5.0,Fast-MAW-GME-K5-latency-aware,Fast-MAW-GME-K5-latency-aware,adaptive_windows,Fast-MAW-GME-K5-latency-aware,adaptive_windows,measurement_update,1.0,0.97194358409899,0.9531170277769041,0.018826556322085852,1.330009999946924,86.6049789999579,87.93498899990482,1962.0927734375,5,0.006613979246195184
Dataset 1,BMS-1_runtime_fast_pruned,Cell03,2,10.0,Fast-MAW-GME-K5-latency-aware,Fast-MAW-GME-K5-latency-aware,adaptive_windows,Fast-MAW-GME-K5-latency-aware,adaptive_windows,measurement_update,1.0,0.9566403291558552,0.937513770529596,0.019126558626259227,1.2058190000061586,84.84936900003959,86.05518800004575,1962.0927734375,5,0.006613979246195184
Dataset 1,BMS-1_runtime_fast_pruned,Cell03,3,15.0,Fast-MAW-GME-K5-latency-aware,Fast-MAW-GME-K5-latency-aware,adaptive_windows,Fast-MAW-GME-K5-latency-aware,adaptive_windows,measurement_update,1.0,0.9447874668454788,0.9283755080172033,0.016411958828275508,1.0436499999286752,83.57159900015176,84.61524900008044,1962.0927734375,5,0.006613979246195184
Dataset 1,BMS-1_runtime_fast_pruned,Cell03,4,23.0,Fast-MAW-GME-K5-latency-aware,Fast-MAW-GME-K5-latency-aware,adaptive_windows,Fast-MAW-GME-K5-latency-aware,adaptive_windows,measurement_update,1.0,0.929238839269484,0.9124378974519549,0.016800941817529114,1.2008499998046318,96.87875400004486,98.0796039998495,1962.0927734375,5,0.006613979246195184
Dataset 1,BMS-1_runtime_fast_pruned,Cell03,5,28.0,Fast-MAW-GME-K5-latency-aware,Fast-MAW-GME-K5-latency-aware,adaptive_windows,Fast-MAW-GME-K5-latency-aware,adaptive_windows,measurement_update,1.0,0.9179919186759256,0.901069618655114,0.01692230002081152,1.275110000051427,87.04752799985727,88.3226379999087,1962.0927734375,5,0.006613979246195184
Dataset 1,BMS-1_runtime_fast_pruned,Cell03,6,36.0,Fast-MAW-GME-K5-latency-aware,Fast-MAW-GME-K5-latency-aware,adaptive_windows,Fast-MAW-GME-K5-latency-aware,adaptive_windows,measurement_update,1.0,0.9050143573959274,0.8903905176672353,0.014623839728692078,1.1734600000181672,86.39920799987522,87.57266799989338,1962.0927734375,5,0.006613979246195184
Dataset 1,BMS-1_runtime_fast_pruned,Cell03,7,55.0,Fast-MAW-GME-K5-latency-aware,Fast-MAW-GME-K5-latency-aware,adaptive_windows,Fast-MAW-GME-K5-latency-aware,adaptive_windows,measurement_update,1.0,0.8797385130406137,0.859828584365776,0.01990992867483765,1.1511990001054073,93.88268500015329,95.0338840002587,1962.0927734375,5,0.006613979246195184
Dataset 1,BMS-1_runtime_fast_pruned,Cell03,8,79.0,Fast-MAW-GME-K5-latency-aware,Fast-MAW-GME-K5-latency-aware,adaptive_windows,Fast-MAW-GME-K5-latency-aware,adaptive_windows,measurement_update,1.0,0.8484179969816661,0.8309701142059455,0.017447882775720625,1.3589400000455498,88.23824699993565,89.5971869999812,1962.0927734375,5,0.006613979246195184
Dataset 1,BMS-1_runtime_fast_pruned,Cell03,9,104.0,Fast-MAW-GME-K5-latency-aware,Fast-MAW-GME-K5-latency-aware,adaptive_windows,Fast-MAW-GME-K5-latency-aware,adaptive_windows,measurement_update,1.0,0.8165193640926967,0.8032127435663966,0.01330662052630005,1.2935190000007424,81.55897000006007,82.85248900006081,1962.0927734375,5,0.006613979246195184
Dataset 1,BMS-1_runtime_fast_pruned,Cell10,0,0.0,Best-single-selected,Best-single-selected,per_fold_selected,ExtraTrees,full_32_42,measurement_update,1.0,1.0,0.9975870521110759,0.0024129478889240996,0.27935000002798915,75.97405500018795,76.25340500021593,1868.14453125,1,0.012092062021428363
Dataset 1,BMS-1_runtime_fast_pruned,Cell10,1,41.0,Best-single-selected,Best-single-selected,per_fold_selected,ExtraTrees,full_32_42,measurement_update,1.0,0.9310613545508472,0.9198977870295499,0.011163567521297213,0.4602799999702256,77.1513849999792,77.61166499994943,1868.14453125,1,0.012092062021428363
Dataset 1,BMS-1_runtime_fast_pruned,Cell10,2,82.0,Best-single-selected,Best-single-selected,per_fold_selected,ExtraTrees,full_32_42,measurement_update,1.0,0.9089859115233752,0.9014794974282908,0.007506414095084346,0.4884599998149497,81.74349599994457,82.23195599975952,1868.14453125,1,0.012092062021428363
Dataset 1,BMS-1_runtime_fast_pruned,Cell10,3,123.0,Best-single-selected,Best-single-selected,per_fold_selected,ExtraTrees,full_32_42,measurement_update,1.0,0.8865421152322174,0.878197586240272,0.008344528991945377,0.4664800001137337,78.50368499998694,78.97016500010068,1868.14453125,1,0.012092062021428363
Dataset 1,BMS-1_runtime_fast_pruned,Cell10,4,164.0,Best-single-selected,Best-single-selected,per_fold_selected,ExtraTrees,full_32_42,measurement_update,1.0,0.873160251745968,0.8729130563634461,0.0002471953825219364,0.4840699998567288,67.21669499984273,67.70076499969946,1868.14453125,1,0.012092062021428363
Dataset 1,BMS-1_runtime_fast_pruned,Cell10,5,205.0,Best-single-selected,Best-single-selected,per_fold_selected,ExtraTrees,full_32_42,measurement_update,1.0,0.8458324888319178,0.8457984135869425,3.407524497522907e-05,0.5246800001259544,64.40910399987843,64.93378400000438,1868.14453125,1,0.012092062021428363
Dataset 1,BMS-1_runtime_fast_pruned,Cell10,6,246.0,Best-single-selected,Best-single-selected,per_fold_selected,ExtraTrees,full_32_42,measurement_update,1.0,0.8358083845187304,0.8395505520481418,0.0037421675294113665,0.4516110000167828,74.16967499989369,74.62128599991047,1868.14453125,1,0.012092062021428363
Dataset 1,BMS-1_runtime_fast_pruned,Cell10,7,287.0,Best-single-selected,Best-single-selected,per_fold_selected,ExtraTrees,full_32_42,measurement_update,1.0,0.8137204558005094,0.8098896888189133,0.003830766981596123,0.5394990000695543,65.1819740000974,65.72147300016695,1868.14453125,1,0.012092062021428363
Dataset 1,BMS-1_runtime_fast_pruned,Cell10,8,328.0,Best-single-selected,Best-single-selected,per_fold_selected,ExtraTrees,full_32_42,measurement_update,1.0,0.7980324581823464,0.8025282686779931,0.004495810495646735,0.41556999985914445,79.50281600005837,79.91838599991752,1868.14453125,1,0.012092062021428363
Dataset 1,BMS-1_runtime_fast_pruned,Cell10,9,358.0,Best-single-selected,Best-single-selected,per_fold_selected,ExtraTrees,full_32_42,measurement_update,1.0,0.768157638181114,0.7593995921651594,0.008758046015954646,0.42656000005081296,74.80080499999531,75.22736500004612,1868.14453125,1,0.012092062021428363
Dataset 1,BMS-1_runtime_fast_pruned,Cell10,10,399.0,Best-single-selected,Best-single-selected,per_fold_selected,ExtraTrees,full_32_42,measurement_update,1.0,0.7490256379139131,0.7419860448388855,0.00703959307502755,0.48483000000487664,84.032605999937,84.51743599994188,1868.14453125,1,0.012092062021428363
Dataset 1,BMS-1_runtime_fast_pruned,Cell10,11,440.0,Best-single-selected,Best-single-selected,per_fold_selected,ExtraTrees,full_32_42,measurement_update,1.0,0.7210822066507926,0.7109110567922148,0.01017114985857781,0.5469099999118043,75.8425349999925,76.3894449999043,1868.14453125,1,0.012092062021428363
Dataset 1,BMS-1_runtime_fast_pruned,Cell10,0,0.0,MAW-GME-full-36experts,MAW-GME-full-36experts,adaptive_windows,MAW-GME-full-36experts,adaptive_windows,measurement_update,1.0,1.0,0.992523171353692,0.0074768286463080535,9.181340999930399,667.2541460000048,676.4354869999352,14957.2744140625,36,0.024312147469476016
Dataset 1,BMS-1_runtime_fast_pruned,Cell10,1,41.0,MAW-GME-full-36experts,MAW-GME-full-36experts,adaptive_windows,MAW-GME-full-36experts,adaptive_windows,measurement_update,1.0,0.9310613545508472,0.9206058844024461,0.010455470148401091,7.9194010002083814,704.9756979999984,712.8950990002068,14957.2744140625,36,0.024312147469476016
Dataset 1,BMS-1_runtime_fast_pruned,Cell10,2,82.0,MAW-GME-full-36experts,MAW-GME-full-36experts,adaptive_windows,MAW-GME-full-36experts,adaptive_windows,measurement_update,1.0,0.9089859115233752,0.8997468930801608,0.009239018443214397,6.571721000000252,630.8321829999386,637.4039039999388,14957.2744140625,36,0.024312147469476016
Dataset 1,BMS-1_runtime_fast_pruned,Cell10,3,123.0,MAW-GME-full-36experts,MAW-GME-full-36experts,adaptive_windows,MAW-GME-full-36experts,adaptive_windows,measurement_update,1.0,0.8865421152322174,0.8768497585636835,0.009692356668533852,6.677180999986376,674.4503959998838,681.1275769998701,14957.2744140625,36,0.024312147469476016
Dataset 1,BMS-1_runtime_fast_pruned,Cell10,4,164.0,MAW-GME-full-36experts,MAW-GME-full-36experts,adaptive_windows,MAW-GME-full-36experts,adaptive_windows,measurement_update,1.0,0.873160251745968,0.8693776342970368,0.003782617448931158,6.338729999924908,675.5326669999704,681.8713969998953,14957.2744140625,36,0.024312147469476016
Dataset 1,BMS-1_runtime_fast_pruned,Cell10,5,205.0,MAW-GME-full-36experts,MAW-GME-full-36experts,adaptive_windows,MAW-GME-full-36experts,adaptive_windows,measurement_update,1.0,0.8458324888319178,0.8405373822605625,0.005295106571355235,6.276940000134346,666.4871660000244,672.7641060001588,14957.2744140625,36,0.024312147469476016
Dataset 1,BMS-1_runtime_fast_pruned,Cell10,6,246.0,MAW-GME-full-36experts,MAW-GME-full-36experts,adaptive_windows,MAW-GME-full-36experts,adaptive_windows,measurement_update,1.0,0.8358083845187304,0.8310384973551695,0.00476988716356086,6.2626009998894006,742.5769210001363,748.8395220000257,14957.2744140625,36,0.024312147469476016
Dataset 1,BMS-1_runtime_fast_pruned,Cell10,7,287.0,MAW-GME-full-36experts,MAW-GME-full-36experts,adaptive_windows,MAW-GME-full-36experts,adaptive_windows,measurement_update,1.0,0.8137204558005094,0.8073725529403755,0.00634790286013398,8.260020000079749,717.1678600000178,725.4278800000975,14957.2744140625,36,0.024312147469476016
Dataset 1,BMS-1_runtime_fast_pruned,Cell10,8,328.0,MAW-GME-full-36experts,MAW-GME-full-36experts,adaptive_windows,MAW-GME-full-36experts,adaptive_windows,measurement_update,1.0,0.7980324581823464,0.7933955000584126,0.004636958123933721,7.029229999943709,665.5446659999598,672.5738959999035,14957.2744140625,36,0.024312147469476016
Dataset 1,BMS-1_runtime_fast_pruned,Cell10,9,358.0,MAW-GME-full-36experts,MAW-GME-full-36experts,adaptive_windows,MAW-GME-full-36experts,adaptive_windows,measurement_update,1.0,0.768157638181114,0.7612937743332021,0.006863863847911933,6.761510999922393,698.7251689999994,705.4866799999218,14957.2744140625,36,0.024312147469476016
Dataset 1,BMS-1_runtime_fast_pruned,Cell10,10,399.0,MAW-GME-full-36experts,MAW-GME-full-36experts,adaptive_windows,MAW-GME-full-36experts,adaptive_windows,measurement_update,1.0,0.7490256379139131,0.7415181782943903,0.007507459619522816,6.225419999964288,632.0925239999724,638.3179439999367,14957.2744140625,36,0.024312147469476016
Dataset 1,BMS-1_runtime_fast_pruned,Cell10,11,440.0,MAW-GME-full-36experts,MAW-GME-full-36experts,adaptive_windows,MAW-GME-full-36experts,adaptive_windows,measurement_update,1.0,0.7210822066507926,0.714643497605082,0.006438709045710644,6.036069999936444,619.598662000044,625.6347319999804,14957.2744140625,36,0.024312147469476016
Dataset 1,BMS-1_runtime_fast_pruned,Cell10,0,0.0,Fast-MAW-GME-K3-latency-aware,Fast-MAW-GME-K3-latency-aware,adaptive_windows,Fast-MAW-GME-K3-latency-aware,adaptive_windows,measurement_update,1.0,1.0,0.9972588707747332,0.002741129225266814,0.7305389999601175,212.72680499987473,213.45734399983485,4311.26171875,3,0.012747373338246801
Dataset 1,BMS-1_runtime_fast_pruned,Cell10,1,41.0,Fast-MAW-GME-K3-latency-aware,Fast-MAW-GME-K3-latency-aware,adaptive_windows,Fast-MAW-GME-K3-latency-aware,adaptive_windows,measurement_update,1.0,0.9310613545508472,0.9202802250025979,0.01078112954824928,1.0364100000970211,206.3751250000223,207.41153500011933,4311.26171875,3,0.012747373338246801
Dataset 1,BMS-1_runtime_fast_pruned,Cell10,2,82.0,Fast-MAW-GME-K3-latency-aware,Fast-MAW-GME-K3-latency-aware,adaptive_windows,Fast-MAW-GME-K3-latency-aware,adaptive_windows,measurement_update,1.0,0.9089859115233752,0.9028623766528698,0.0061235348705053205,0.9635999999773048,216.00556500015955,216.96916500013685,4311.26171875,3,0.012747373338246801
Dataset 1,BMS-1_runtime_fast_pruned,Cell10,3,123.0,Fast-MAW-GME-K3-latency-aware,Fast-MAW-GME-K3-latency-aware,adaptive_windows,Fast-MAW-GME-K3-latency-aware,adaptive_windows,measurement_update,1.0,0.8865421152322174,0.8793945119363662,0.007147603295851179,0.8115009998164169,213.55561499990472,214.36711599972114,4311.26171875,3,0.012747373338246801
Dataset 1,BMS-1_runtime_fast_pruned,Cell10,4,164.0,Fast-MAW-GME-K3-latency-aware,Fast-MAW-GME-K3-latency-aware,adaptive_windows,Fast-MAW-GME-K3-latency-aware,adaptive_windows,measurement_update,1.0,0.873160251745968,0.8719700550442038,0.0011901967017642345,1.1247999998431624,225.27185599983568,226.39665599967884,4311.26171875,3,0.012747373338246801
Dataset 1,BMS-1_runtime_fast_pruned,Cell10,5,205.0,Fast-MAW-GME-K3-latency-aware,Fast-MAW-GME-K3-latency-aware,adaptive_windows,Fast-MAW-GME-K3-latency-aware,adaptive_windows,measurement_update,1.0,0.8458324888319178,0.8446976584098734,0.0011348304220443195,1.0397700000339682,228.1241460000274,229.16391600006136,4311.26171875,3,0.012747373338246801
Dataset 1,BMS-1_runtime_fast_pruned,Cell10,6,246.0,Fast-MAW-GME-K3-latency-aware,Fast-MAW-GME-K3-latency-aware,adaptive_windows,Fast-MAW-GME-K3-latency-aware,adaptive_windows,measurement_update,1.0,0.8358083845187304,0.8393836918336557,0.00357530731492528,1.1201209999853745,197.29296299988164,198.413083999867,4311.26171875,3,0.012747373338246801
Dataset 1,BMS-1_runtime_fast_pruned,Cell10,7,287.0,Fast-MAW-GME-K3-latency-aware,Fast-MAW-GME-K3-latency-aware,adaptive_windows,Fast-MAW-GME-K3-latency-aware,adaptive_windows,measurement_update,1.0,0.8137204558005094,0.809768171994697,0.003952283805812473,1.1789110001245717,228.8615850000042,230.04049600012877,4311.26171875,3,0.012747373338246801
Dataset 1,BMS-1_runtime_fast_pruned,Cell10,8,328.0,Fast-MAW-GME-K3-latency-aware,Fast-MAW-GME-K3-latency-aware,adaptive_windows,Fast-MAW-GME-K3-latency-aware,adaptive_windows,measurement_update,1.0,0.7980324581823464,0.7983847968207849,0.00035233863843853186,1.0524599999826023,235.94409700012875,236.99655700011135,4311.26171875,3,0.012747373338246801
Dataset 1,BMS-1_runtime_fast_pruned,Cell10,9,358.0,Fast-MAW-GME-K3-latency-aware,Fast-MAW-GME-K3-latency-aware,adaptive_windows,Fast-MAW-GME-K3-latency-aware,adaptive_windows,measurement_update,1.0,0.768157638181114,0.7570497939401282,0.011107844240985876,1.065480000079333,205.31311399986407,206.3785939999434,4311.26171875,3,0.012747373338246801
Dataset 1,BMS-1_runtime_fast_pruned,Cell10,10,399.0,Fast-MAW-GME-K3-latency-aware,Fast-MAW-GME-K3-latency-aware,adaptive_windows,Fast-MAW-GME-K3-latency-aware,adaptive_windows,measurement_update,1.0,0.7490256379139131,0.7380578063181517,0.010967831595761424,0.7614999999532301,227.73630599999706,228.4978059999503,4311.26171875,3,0.012747373338246801
Dataset 1,BMS-1_runtime_fast_pruned,Cell10,11,440.0,Fast-MAW-GME-K3-latency-aware,Fast-MAW-GME-K3-latency-aware,adaptive_windows,Fast-MAW-GME-K3-latency-aware,adaptive_windows,measurement_update,1.0,0.7210822066507926,0.7117690701925597,0.00931313645823284,0.8763299999827723,230.97496699983822,231.851296999821,4311.26171875,3,0.012747373338246801
Dataset 1,BMS-1_runtime_fast_pruned,Cell10,0,0.0,Fast-MAW-GME-K5-latency-aware,Fast-MAW-GME-K5-latency-aware,adaptive_windows,Fast-MAW-GME-K5-latency-aware,adaptive_windows,measurement_update,1.0,1.0,0.9978829389704663,0.0021170610295336845,1.3891400001284637,397.6341569998567,399.0232969999852,7402.0673828125,5,0.013236629694530188
Dataset 1,BMS-1_runtime_fast_pruned,Cell10,1,41.0,Fast-MAW-GME-K5-latency-aware,Fast-MAW-GME-K5-latency-aware,adaptive_windows,Fast-MAW-GME-K5-latency-aware,adaptive_windows,measurement_update,1.0,0.9310613545508472,0.91969645528676,0.011364899264087125,1.3655200000357581,367.49226500000987,368.8577850000456,7402.0673828125,5,0.013236629694530188
Dataset 1,BMS-1_runtime_fast_pruned,Cell10,2,82.0,Fast-MAW-GME-K5-latency-aware,Fast-MAW-GME-K5-latency-aware,adaptive_windows,Fast-MAW-GME-K5-latency-aware,adaptive_windows,measurement_update,1.0,0.9089859115233752,0.9025387839944918,0.006447127528883323,1.4760900000965194,367.6156039998659,369.09169399996244,7402.0673828125,5,0.013236629694530188
Dataset 1,BMS-1_runtime_fast_pruned,Cell10,3,123.0,Fast-MAW-GME-K5-latency-aware,Fast-MAW-GME-K5-latency-aware,adaptive_windows,Fast-MAW-GME-K5-latency-aware,adaptive_windows,measurement_update,1.0,0.8865421152322174,0.8791164914917228,0.007425623740494602,1.786139999921943,365.48851599991394,367.2746559998359,7402.0673828125,5,0.013236629694530188
Dataset 1,BMS-1_runtime_fast_pruned,Cell10,4,164.0,Fast-MAW-GME-K5-latency-aware,Fast-MAW-GME-K5-latency-aware,adaptive_windows,Fast-MAW-GME-K5-latency-aware,adaptive_windows,measurement_update,1.0,0.873160251745968,0.8722500497481233,0.0009102019978447506,1.2410599999839178,361.8485949998558,363.0896549998397,7402.0673828125,5,0.013236629694530188
Dataset 1,BMS-1_runtime_fast_pruned,Cell10,5,205.0,Fast-MAW-GME-K5-latency-aware,Fast-MAW-GME-K5-latency-aware,adaptive_windows,Fast-MAW-GME-K5-latency-aware,adaptive_windows,measurement_update,1.0,0.8458324888319178,0.8448977523159852,0.000934736515932566,1.1921000000256754,370.6447659999412,371.8368659999669,7402.0673828125,5,0.013236629694530188
Dataset 1,BMS-1_runtime_fast_pruned,Cell10,6,246.0,Fast-MAW-GME-K5-latency-aware,Fast-MAW-GME-K5-latency-aware,adaptive_windows,Fast-MAW-GME-K5-latency-aware,adaptive_windows,measurement_update,1.0,0.8358083845187304,0.838792017830759,0.002983633312028555,1.3770799998837902,355.93843399988145,357.31551399976524,7402.0673828125,5,0.013236629694530188
Dataset 1,BMS-1_runtime_fast_pruned,Cell10,7,287.0,Fast-MAW-GME-K5-latency-aware,Fast-MAW-GME-K5-latency-aware,adaptive_windows,Fast-MAW-GME-K5-latency-aware,adaptive_windows,measurement_update,1.0,0.8137204558005094,0.8097500118423341,0.0039704439581753626,1.1925399999199726,380.69833700001254,381.8908769999325,7402.0673828125,5,0.013236629694530188
Dataset 1,BMS-1_runtime_fast_pruned,Cell10,8,328.0,Fast-MAW-GME-K5-latency-aware,Fast-MAW-GME-K5-latency-aware,adaptive_windows,Fast-MAW-GME-K5-latency-aware,adaptive_windows,measurement_update,1.0,0.7980324581823464,0.798483472459013,0.0004510142766666059,1.5166999999109976,398.97090699992077,400.48760699983177,7402.0673828125,5,0.013236629694530188
Dataset 1,BMS-1_runtime_fast_pruned,Cell10,9,358.0,Fast-MAW-GME-K5-latency-aware,Fast-MAW-GME-K5-latency-aware,adaptive_windows,Fast-MAW-GME-K5-latency-aware,adaptive_windows,measurement_update,1.0,0.768157638181114,0.7591253317815946,0.009032306399519463,1.6918700000587705,381.2055959999725,382.8974660000313,7402.0673828125,5,0.013236629694530188
Dataset 1,BMS-1_runtime_fast_pruned,Cell10,10,399.0,Fast-MAW-GME-K5-latency-aware,Fast-MAW-GME-K5-latency-aware,adaptive_windows,Fast-MAW-GME-K5-latency-aware,adaptive_windows,measurement_update,1.0,0.7490256379139131,0.7383028053150754,0.010722832598837662,1.3179299999137584,361.6274850000991,362.9454150000129,7402.0673828125,5,0.013236629694530188
Dataset 1,BMS-1_runtime_fast_pruned,Cell10,11,440.0,Fast-MAW-GME-K5-latency-aware,Fast-MAW-GME-K5-latency-aware,adaptive_windows,Fast-MAW-GME-K5-latency-aware,adaptive_windows,measurement_update,1.0,0.7210822066507926,0.7121271644157714,0.008955042235021193,1.651509999874179,370.1685449998422,371.8200549997164,7402.0673828125,5,0.013236629694530188
Dataset 1,BMS-1_runtime_fast_pruned,Cell11,0,0.0,Best-single-selected,Best-single-selected,per_fold_selected,ElasticNet,narrow_36_385,measurement_update,1.0,1.0,1.0034985419683276,0.003498541968327551,0.5163799999081675,2.4212299999817333,2.937609999889901,2.4033203125,1,0.010552689197267125
Dataset 1,BMS-1_runtime_fast_pruned,Cell11,1,39.0,Best-single-selected,Best-single-selected,per_fold_selected,ElasticNet,narrow_36_385,measurement_update,1.0,0.9195984978419284,0.9205226396566609,0.0009241418147325486,0.3441799999563955,1.8914400000085152,2.2356199999649107,2.4033203125,1,0.010552689197267125
Dataset 1,BMS-1_runtime_fast_pruned,Cell11,2,80.0,Best-single-selected,Best-single-selected,per_fold_selected,ElasticNet,narrow_36_385,measurement_update,1.0,0.9035304553313852,0.9030344529084778,0.0004960024229073712,0.21063000008325616,1.746020000155113,1.956650000238369,2.4033203125,1,0.010552689197267125
Dataset 1,BMS-1_runtime_fast_pruned,Cell11,3,99.0,Best-single-selected,Best-single-selected,per_fold_selected,ElasticNet,narrow_36_385,measurement_update,1.0,0.8768710542865313,0.8771460163176017,0.0002749620310703582,0.20311000002948276,1.6842800000631541,1.887390000092637,2.4033203125,1,0.010552689197267125
Dataset 1,BMS-1_runtime_fast_pruned,Cell11,4,138.0,Best-single-selected,Best-single-selected,per_fold_selected,ElasticNet,narrow_36_385,measurement_update,1.0,0.8512710797921786,0.8583499273249667,0.007078847532788091,0.1987699999972392,1.6968100001122366,1.8955800001094758,2.4033203125,1,0.010552689197267125
Dataset 1,BMS-1_runtime_fast_pruned,Cell11,5,179.0,Best-single-selected,Best-single-selected,per_fold_selected,ElasticNet,narrow_36_385,measurement_update,1.0,0.8359293522705681,0.8364840781808965,0.0005547259103284574,0.20449999988159107,1.6727700001410994,1.8772700000226905,2.4033203125,1,0.010552689197267125
Dataset 1,BMS-1_runtime_fast_pruned,Cell11,6,213.0,Best-single-selected,Best-single-selected,per_fold_selected,ElasticNet,narrow_36_385,measurement_update,1.0,0.8230753116331192,0.8255323937431627,0.0024570821100434737,0.2024200000505516,1.8475700001090445,2.049990000159596,2.4033203125,1,0.010552689197267125
Dataset 1,BMS-1_runtime_fast_pruned,Cell11,7,254.0,Best-single-selected,Best-single-selected,per_fold_selected,ElasticNet,narrow_36_385,measurement_update,1.0,0.8034863738263762,0.8053235554770078,0.0018371816506316252,0.21775000004709,1.8914400000085152,2.109190000055605,2.4033203125,1,0.010552689197267125
Dataset 1,BMS-1_runtime_fast_pruned,Cell11,8,295.0,Best-single-selected,Best-single-selected,per_fold_selected,ElasticNet,narrow_36_385,measurement_update,1.0,0.7804338321602357,0.7898009253740674,0.009367093213831779,0.24034999978539417,1.871850000043196,2.11219999982859,2.4033203125,1,0.010552689197267125
Dataset 1,BMS-1_runtime_fast_pruned,Cell11,9,336.0,Best-single-selected,Best-single-selected,per_fold_selected,ElasticNet,narrow_36_385,measurement_update,1.0,0.7636920673360773,0.7647256963997758,0.0010336290636985268,0.30182999989847303,1.8265599999267579,2.128389999825231,2.4033203125,1,0.010552689197267125
Dataset 1,BMS-1_runtime_fast_pruned,Cell11,10,377.0,Best-single-selected,Best-single-selected,per_fold_selected,ElasticNet,narrow_36_385,measurement_update,1.0,0.7503014471627423,0.7584497346330357,0.008148287470293392,0.25673000004644564,2.115750000029948,2.3724800000763935,2.4033203125,1,0.010552689197267125
Dataset 1,BMS-1_runtime_fast_pruned,Cell11,11,418.0,Best-single-selected,Best-single-selected,per_fold_selected,ElasticNet,narrow_36_385,measurement_update,1.0,0.7432790284913317,0.7545814205579924,0.011302392066660727,0.2309199999217526,1.8191799999840441,2.0500999999057967,2.4033203125,1,0.010552689197267125
Dataset 1,BMS-1_runtime_fast_pruned,Cell11,12,459.0,Best-single-selected,Best-single-selected,per_fold_selected,ElasticNet,narrow_36_385,measurement_update,1.0,0.7349022931111222,0.7438431896088415,0.008940896497719342,0.2122200000940211,1.741649999985384,1.9538700000794051,2.4033203125,1,0.010552689197267125
Dataset 1,BMS-1_runtime_fast_pruned,Cell11,13,500.0,Best-single-selected,Best-single-selected,per_fold_selected,ElasticNet,narrow_36_385,measurement_update,1.0,0.7251963693520408,0.738328513501983,0.013132144149942238,0.23641999996470986,1.9396699999560951,2.176089999920805,2.4033203125,1,0.010552689197267125
Dataset 1,BMS-1_runtime_fast_pruned,Cell11,14,541.0,Best-single-selected,Best-single-selected,per_fold_selected,ElasticNet,narrow_36_385,measurement_update,1.0,0.716288104422987,0.7244781061439217,0.008190001720934759,0.2639300000737421,1.6879909999261145,1.9519209999998566,2.4033203125,1,0.010552689197267125
Dataset 1,BMS-1_runtime_fast_pruned,Cell11,0,0.0,MAW-GME-full-36experts,MAW-GME-full-36experts,adaptive_windows,MAW-GME-full-36experts,adaptive_windows,measurement_update,1.0,1.0,0.9947799239325579,0.005220076067442125,6.836200999941866,662.0889849998548,668.9251859997967,14167.609375,36,0.020745976944541472
Dataset 1,BMS-1_runtime_fast_pruned,Cell11,1,39.0,MAW-GME-full-36experts,MAW-GME-full-36experts,adaptive_windows,MAW-GME-full-36experts,adaptive_windows,measurement_update,1.0,0.9195984978419284,0.912072788453717,0.007525709388211399,6.29377000018394,663.8199760000134,670.1137460001974,14167.609375,36,0.020745976944541472
Dataset 1,BMS-1_runtime_fast_pruned,Cell11,2,80.0,MAW-GME-full-36experts,MAW-GME-full-36experts,adaptive_windows,MAW-GME-full-36experts,adaptive_windows,measurement_update,1.0,0.9035304553313852,0.8983925738812816,0.005137881450103632,6.270770000128323,625.3315629999179,631.6023330000462,14167.609375,36,0.020745976944541472
Dataset 1,BMS-1_runtime_fast_pruned,Cell11,3,99.0,MAW-GME-full-36experts,MAW-GME-full-36experts,adaptive_windows,MAW-GME-full-36experts,adaptive_windows,measurement_update,1.0,0.8768710542865313,0.8689523264160197,0.007918727870511622,6.222550000074989,775.2214640001966,781.4440140002716,14167.609375,36,0.020745976944541472
Dataset 1,BMS-1_runtime_fast_pruned,Cell11,4,138.0,MAW-GME-full-36experts,MAW-GME-full-36experts,adaptive_windows,MAW-GME-full-36experts,adaptive_windows,measurement_update,1.0,0.8512710797921786,0.8453056394703572,0.005965440321821447,6.227660000149626,666.3898960000552,672.6175560002048,14167.609375,36,0.020745976944541472
Dataset 1,BMS-1_runtime_fast_pruned,Cell11,5,179.0,MAW-GME-full-36experts,MAW-GME-full-36experts,adaptive_windows,MAW-GME-full-36experts,adaptive_windows,measurement_update,1.0,0.8359293522705681,0.8293310338596823,0.006598318410885762,6.2654700000166486,689.2513180000606,695.5167880000772,14167.609375,36,0.020745976944541472
Dataset 1,BMS-1_runtime_fast_pruned,Cell11,6,213.0,MAW-GME-full-36experts,MAW-GME-full-36experts,adaptive_windows,MAW-GME-full-36experts,adaptive_windows,measurement_update,1.0,0.8230753116331192,0.816717033132281,0.006358278500838255,6.192220000002635,656.7500950000067,662.9423150000093,14167.609375,36,0.020745976944541472
Dataset 1,BMS-1_runtime_fast_pruned,Cell11,7,254.0,MAW-GME-full-36experts,MAW-GME-full-36experts,adaptive_windows,MAW-GME-full-36experts,adaptive_windows,measurement_update,1.0,0.8034863738263762,0.7969377529837355,0.00654862084264074,6.202009999924485,661.0589449999225,667.260954999847,14167.609375,36,0.020745976944541472
Dataset 1,BMS-1_runtime_fast_pruned,Cell11,8,295.0,MAW-GME-full-36experts,MAW-GME-full-36experts,adaptive_windows,MAW-GME-full-36experts,adaptive_windows,measurement_update,1.0,0.7804338321602357,0.7763060746327247,0.0041277575275109335,6.223280999847702,676.5637759999663,682.787056999814,14167.609375,36,0.020745976944541472
Dataset 1,BMS-1_runtime_fast_pruned,Cell11,9,336.0,MAW-GME-full-36experts,MAW-GME-full-36experts,adaptive_windows,MAW-GME-full-36experts,adaptive_windows,measurement_update,1.0,0.7636920673360773,0.7600453791059831,0.003646688230094175,6.787650999967809,660.4808849999699,667.2685359999377,14167.609375,36,0.020745976944541472
Dataset 1,BMS-1_runtime_fast_pruned,Cell11,10,377.0,MAW-GME-full-36experts,MAW-GME-full-36experts,adaptive_windows,MAW-GME-full-36experts,adaptive_windows,measurement_update,1.0,0.7503014471627423,0.7517993103045313,0.0014978631417890131,6.375310000066747,671.6231269999753,677.998437000042,14167.609375,36,0.020745976944541472
Dataset 1,BMS-1_runtime_fast_pruned,Cell11,11,418.0,MAW-GME-full-36experts,MAW-GME-full-36experts,adaptive_windows,MAW-GME-full-36experts,adaptive_windows,measurement_update,1.0,0.7432790284913317,0.7461832786388936,0.0029042501475619042,6.723830999817437,631.8048450000333,638.5286759998507,14167.609375,36,0.020745976944541472
Dataset 1,BMS-1_runtime_fast_pruned,Cell11,12,459.0,MAW-GME-full-36experts,MAW-GME-full-36experts,adaptive_windows,MAW-GME-full-36experts,adaptive_windows,measurement_update,1.0,0.7349022931111222,0.7409443264228485,0.006042033311726258,6.102511000108279,650.3796690001309,656.4821800002392,14167.609375,36,0.020745976944541472
Dataset 1,BMS-1_runtime_fast_pruned,Cell11,13,500.0,MAW-GME-full-36experts,MAW-GME-full-36experts,adaptive_windows,MAW-GME-full-36experts,adaptive_windows,measurement_update,1.0,0.7251963693520408,0.7357236696542556,0.010527300302214826,6.432629999835626,651.2903789998745,657.7230089997101,14167.609375,36,0.020745976944541472
Dataset 1,BMS-1_runtime_fast_pruned,Cell11,14,541.0,MAW-GME-full-36experts,MAW-GME-full-36experts,adaptive_windows,MAW-GME-full-36experts,adaptive_windows,measurement_update,1.0,0.716288104422987,0.7269754215452138,0.010687317122226814,6.3692410001294775,699.7692530001132,706.1384940002426,14167.609375,36,0.020745976944541472
Dataset 1,BMS-1_runtime_fast_pruned,Cell11,0,0.0,Fast-MAW-GME-K3-latency-aware,Fast-MAW-GME-K3-latency-aware,adaptive_windows,Fast-MAW-GME-K3-latency-aware,adaptive_windows,measurement_update,1.0,1.0,1.0021028068316409,0.00210280683164088,0.8404899999732152,84.199118000015,85.03960799998822,1747.140625,3,0.011800588636724263
Dataset 1,BMS-1_runtime_fast_pruned,Cell11,1,39.0,Fast-MAW-GME-K3-latency-aware,Fast-MAW-GME-K3-latency-aware,adaptive_windows,Fast-MAW-GME-K3-latency-aware,adaptive_windows,measurement_update,1.0,0.9195984978419284,0.9209945601825222,0.0013960623405938621,1.05666000013116,83.0636969999432,84.12035700007436,1747.140625,3,0.011800588636724263
Dataset 1,BMS-1_runtime_fast_pruned,Cell11,2,80.0,Fast-MAW-GME-K3-latency-aware,Fast-MAW-GME-K3-latency-aware,adaptive_windows,Fast-MAW-GME-K3-latency-aware,adaptive_windows,measurement_update,1.0,0.9035304553313852,0.9063269165457448,0.0027964612143596135,0.9964010000658163,74.13818700001684,75.13458800008266,1747.140625,3,0.011800588636724263
Dataset 1,BMS-1_runtime_fast_pruned,Cell11,3,99.0,Fast-MAW-GME-K3-latency-aware,Fast-MAW-GME-K3-latency-aware,adaptive_windows,Fast-MAW-GME-K3-latency-aware,adaptive_windows,measurement_update,1.0,0.8768710542865313,0.8787774541443881,0.0019063998578567887,1.0299200000645214,78.96103699999912,79.99095700006364,1747.140625,3,0.011800588636724263
Dataset 1,BMS-1_runtime_fast_pruned,Cell11,4,138.0,Fast-MAW-GME-K3-latency-aware,Fast-MAW-GME-K3-latency-aware,adaptive_windows,Fast-MAW-GME-K3-latency-aware,adaptive_windows,measurement_update,1.0,0.8512710797921786,0.8589385379169104,0.007667458124731796,0.7385100000192324,76.58306700000139,77.32157700002062,1747.140625,3,0.011800588636724263
Dataset 1,BMS-1_runtime_fast_pruned,Cell11,5,179.0,Fast-MAW-GME-K3-latency-aware,Fast-MAW-GME-K3-latency-aware,adaptive_windows,Fast-MAW-GME-K3-latency-aware,adaptive_windows,measurement_update,1.0,0.8359293522705681,0.8355346126955208,0.0003947395750473204,0.86035999993328,77.87435699992784,78.73471699986112,1747.140625,3,0.011800588636724263
Dataset 1,BMS-1_runtime_fast_pruned,Cell11,6,213.0,Fast-MAW-GME-K3-latency-aware,Fast-MAW-GME-K3-latency-aware,adaptive_windows,Fast-MAW-GME-K3-latency-aware,adaptive_windows,measurement_update,1.0,0.8230753116331192,0.8244142060554233,0.00133889442230406,1.0693499998524203,80.91600700004165,81.98535699989407,1747.140625,3,0.011800588636724263
Dataset 1,BMS-1_runtime_fast_pruned,Cell11,7,254.0,Fast-MAW-GME-K3-latency-aware,Fast-MAW-GME-K3-latency-aware,adaptive_windows,Fast-MAW-GME-K3-latency-aware,adaptive_windows,measurement_update,1.0,0.8034863738263762,0.8051326948549956,0.0016463210286193908,1.1398799999824405,81.4100170000529,82.54989700003534,1747.140625,3,0.011800588636724263
Dataset 1,BMS-1_runtime_fast_pruned,Cell11,8,295.0,Fast-MAW-GME-K3-latency-aware,Fast-MAW-GME-K3-latency-aware,adaptive_windows,Fast-MAW-GME-K3-latency-aware,adaptive_windows,measurement_update,1.0,0.7804338321602357,0.7879711508220542,0.007537318661818504,1.2869300001057127,80.48758699987957,81.77451699998528,1747.140625,3,0.011800588636724263
Dataset 1,BMS-1_runtime_fast_pruned,Cell11,9,336.0,Fast-MAW-GME-K3-latency-aware,Fast-MAW-GME-K3-latency-aware,adaptive_windows,Fast-MAW-GME-K3-latency-aware,adaptive_windows,measurement_update,1.0,0.7636920673360773,0.7651227713023159,0.0014307039662385668,1.0208500000317144,82.05437800006621,83.07522800009792,1747.140625,3,0.011800588636724263
Dataset 1,BMS-1_runtime_fast_pruned,Cell11,10,377.0,Fast-MAW-GME-K3-latency-aware,Fast-MAW-GME-K3-latency-aware,adaptive_windows,Fast-MAW-GME-K3-latency-aware,adaptive_windows,measurement_update,1.0,0.7503014471627423,0.757191371235742,0.006889924072999709,0.8786700000200653,75.8757969999806,76.75446700000066,1747.140625,3,0.011800588636724263
Dataset 1,BMS-1_runtime_fast_pruned,Cell11,11,418.0,Fast-MAW-GME-K3-latency-aware,Fast-MAW-GME-K3-latency-aware,adaptive_windows,Fast-MAW-GME-K3-latency-aware,adaptive_windows,measurement_update,1.0,0.7432790284913317,0.752301663476232,0.009022634984900302,1.0358409999753349,78.31958699989627,79.35542799987161,1747.140625,3,0.011800588636724263
Dataset 1,BMS-1_runtime_fast_pruned,Cell11,12,459.0,Fast-MAW-GME-K3-latency-aware,Fast-MAW-GME-K3-latency-aware,adaptive_windows,Fast-MAW-GME-K3-latency-aware,adaptive_windows,measurement_update,1.0,0.7349022931111222,0.7423072433852222,0.007404950274100042,1.1878099999194092,80.05026699993323,81.23807699985264,1747.140625,3,0.011800588636724263
Dataset 1,BMS-1_runtime_fast_pruned,Cell11,13,500.0,Fast-MAW-GME-K3-latency-aware,Fast-MAW-GME-K3-latency-aware,adaptive_windows,Fast-MAW-GME-K3-latency-aware,adaptive_windows,measurement_update,1.0,0.7251963693520408,0.7358174296638318,0.010621060311790997,1.003319999881569,80.00196699981643,81.005286999698,1747.140625,3,0.011800588636724263
Dataset 1,BMS-1_runtime_fast_pruned,Cell11,14,541.0,Fast-MAW-GME-K3-latency-aware,Fast-MAW-GME-K3-latency-aware,adaptive_windows,Fast-MAW-GME-K3-latency-aware,adaptive_windows,measurement_update,1.0,0.716288104422987,0.7226433132675165,0.0063552088445295585,0.7970100000420643,77.70226599996022,78.49927600000228,1747.140625,3,0.011800588636724263
Dataset 1,BMS-1_runtime_fast_pruned,Cell11,0,0.0,Fast-MAW-GME-K5-latency-aware,Fast-MAW-GME-K5-latency-aware,adaptive_windows,Fast-MAW-GME-K5-latency-aware,adaptive_windows,measurement_update,1.0,1.0,1.0024070386802097,0.00240703868020975,1.4774199999010307,148.66473300003236,150.1421529999334,3491.7373046875,5,0.012730139531485028
Dataset 1,BMS-1_runtime_fast_pruned,Cell11,1,39.0,Fast-MAW-GME-K5-latency-aware,Fast-MAW-GME-K5-latency-aware,adaptive_windows,Fast-MAW-GME-K5-latency-aware,adaptive_windows,measurement_update,1.0,0.9195984978419284,0.9203837854724697,0.0007852876305413092,1.5440800000305899,162.34820399995442,163.892283999985,3491.7373046875,5,0.012730139531485028
Dataset 1,BMS-1_runtime_fast_pruned,Cell11,2,80.0,Fast-MAW-GME-K5-latency-aware,Fast-MAW-GME-K5-latency-aware,adaptive_windows,Fast-MAW-GME-K5-latency-aware,adaptive_windows,measurement_update,1.0,0.9035304553313852,0.9069153899993092,0.003384934667924,1.4716000000589702,156.94953399997758,158.42113400003655,3491.7373046875,5,0.012730139531485028
Dataset 1,BMS-1_runtime_fast_pruned,Cell11,3,99.0,Fast-MAW-GME-K5-latency-aware,Fast-MAW-GME-K5-latency-aware,adaptive_windows,Fast-MAW-GME-K5-latency-aware,adaptive_windows,measurement_update,1.0,0.8768710542865313,0.8788857782289365,0.0020147239424052055,1.7934590000550088,152.97938399999111,154.77284300004612,3491.7373046875,5,0.012730139531485028
Dataset 1,BMS-1_runtime_fast_pruned,Cell11,4,138.0,Fast-MAW-GME-K5-latency-aware,Fast-MAW-GME-K5-latency-aware,adaptive_windows,Fast-MAW-GME-K5-latency-aware,adaptive_windows,measurement_update,1.0,0.8512710797921786,0.8562348791154417,0.004963799323263074,1.578190999907747,174.1088949997902,175.68708599969796,3491.7373046875,5,0.012730139531485028
Dataset 1,BMS-1_runtime_fast_pruned,Cell11,5,179.0,Fast-MAW-GME-K5-latency-aware,Fast-MAW-GME-K5-latency-aware,adaptive_windows,Fast-MAW-GME-K5-latency-aware,adaptive_windows,measurement_update,1.0,0.8359293522705681,0.8348477065962574,0.0010816456743106828,1.2686509999184636,171.06930499994633,172.3379559998648,3491.7373046875,5,0.012730139531485028
Dataset 1,BMS-1_runtime_fast_pruned,Cell11,6,213.0,Fast-MAW-GME-K5-latency-aware,Fast-MAW-GME-K5-latency-aware,adaptive_windows,Fast-MAW-GME-K5-latency-aware,adaptive_windows,measurement_update,1.0,0.8230753116331192,0.823225318800848,0.00015000716772883838,1.8882099998336344,170.44624599998315,172.33445599981678,3491.7373046875,5,0.012730139531485028
Dataset 1,BMS-1_runtime_fast_pruned,Cell11,7,254.0,Fast-MAW-GME-K5-latency-aware,Fast-MAW-GME-K5-latency-aware,adaptive_windows,Fast-MAW-GME-K5-latency-aware,adaptive_windows,measurement_update,1.0,0.8034863738263762,0.8048338464471004,0.0013474726207242105,1.4215900000635884,160.08498399992277,161.50657399998636,3491.7373046875,5,0.012730139531485028
Dataset 1,BMS-1_runtime_fast_pruned,Cell11,8,295.0,Fast-MAW-GME-K5-latency-aware,Fast-MAW-GME-K5-latency-aware,adaptive_windows,Fast-MAW-GME-K5-latency-aware,adaptive_windows,measurement_update,1.0,0.7804338321602357,0.7862789647222381,0.005845132562002475,1.320600000099148,171.99402599999303,173.31462600009218,3491.7373046875,5,0.012730139531485028
Dataset 1,BMS-1_runtime_fast_pruned,Cell11,9,336.0,Fast-MAW-GME-K5-latency-aware,Fast-MAW-GME-K5-latency-aware,adaptive_windows,Fast-MAW-GME-K5-latency-aware,adaptive_windows,measurement_update,1.0,0.7636920673360773,0.7647275090688135,0.0010354417327361753,1.6400499998781015,177.2828059999938,178.9228559998719,3491.7373046875,5,0.012730139531485028
Dataset 1,BMS-1_runtime_fast_pruned,Cell11,10,377.0,Fast-MAW-GME-K5-latency-aware,Fast-MAW-GME-K5-latency-aware,adaptive_windows,Fast-MAW-GME-K5-latency-aware,adaptive_windows,measurement_update,1.0,0.7503014471627423,0.7549907038150871,0.004689256652344875,1.4213000001745968,158.2503050001378,159.6716050003124,3491.7373046875,5,0.012730139531485028
Dataset 1,BMS-1_runtime_fast_pruned,Cell11,11,418.0,Fast-MAW-GME-K5-latency-aware,Fast-MAW-GME-K5-latency-aware,adaptive_windows,Fast-MAW-GME-K5-latency-aware,adaptive_windows,measurement_update,1.0,0.7432790284913317,0.7492162185255502,0.0059371900342185535,1.5107799999896088,177.25744599988502,178.76822599987463,3491.7373046875,5,0.012730139531485028
Dataset 1,BMS-1_runtime_fast_pruned,Cell11,12,459.0,Fast-MAW-GME-K5-latency-aware,Fast-MAW-GME-K5-latency-aware,adaptive_windows,Fast-MAW-GME-K5-latency-aware,adaptive_windows,measurement_update,1.0,0.7349022931111222,0.7401705318879539,0.005268238776831691,1.5832899998713401,181.3906559998486,182.97394599971994,3491.7373046875,5,0.012730139531485028
Dataset 1,BMS-1_runtime_fast_pruned,Cell11,13,500.0,Fast-MAW-GME-K5-latency-aware,Fast-MAW-GME-K5-latency-aware,adaptive_windows,Fast-MAW-GME-K5-latency-aware,adaptive_windows,measurement_update,1.0,0.7251963693520408,0.7331529855374492,0.007956616185408438,1.445030000013503,174.67768500000602,176.12271500001953,3491.7373046875,5,0.012730139531485028
Dataset 1,BMS-1_runtime_fast_pruned,Cell11,14,541.0,Fast-MAW-GME-K5-latency-aware,Fast-MAW-GME-K5-latency-aware,adaptive_windows,Fast-MAW-GME-K5-latency-aware,adaptive_windows,measurement_update,1.0,0.716288104422987,0.721003601749076,0.004715497326089002,1.4276009999321104,178.15528599999197,179.58288699992409,3491.7373046875,5,0.012730139531485028
Dataset 1,BMS-1_runtime_fast_pruned,Cell12,0,0.0,Best-single-selected,Best-single-selected,per_fold_selected,ElasticNet,narrow_36_385,measurement_update,1.0,1.0,1.0025518216978193,0.002551821697819312,0.3256399998008419,2.2450700000717916,2.5707099998726335,2.4033203125,1,0.006466363945336781
Dataset 1,BMS-1_runtime_fast_pruned,Cell12,1,9.0,Best-single-selected,Best-single-selected,per_fold_selected,ElasticNet,narrow_36_385,measurement_update,1.0,0.9667044640353876,0.9791113263753745,0.01240686233998689,0.23375000000669388,1.9256200000654644,2.1593700000721583,2.4033203125,1,0.006466363945336781
Dataset 1,BMS-1_runtime_fast_pruned,Cell12,2,18.0,Best-single-selected,Best-single-selected,per_fold_selected,ElasticNet,narrow_36_385,measurement_update,1.0,0.9498204232256142,0.9637396459586489,0.013919222733034697,0.23419000012836477,1.7841899998529698,2.0183799999813345,2.4033203125,1,0.006466363945336781
Dataset 1,BMS-1_runtime_fast_pruned,Cell12,3,26.0,Best-single-selected,Best-single-selected,per_fold_selected,ElasticNet,narrow_36_385,measurement_update,1.0,0.934581358507137,0.9503350639827527,0.01575370547561572,0.21519999995689432,1.6841609999573848,1.899360999914279,2.4033203125,1,0.006466363945336781
Dataset 1,BMS-1_runtime_fast_pruned,Cell12,4,39.0,Best-single-selected,Best-single-selected,per_fold_selected,ElasticNet,narrow_36_385,measurement_update,1.0,0.9143708036608496,0.9271711924907738,0.012800388829924292,0.21225999989837874,1.626170000008642,1.8384299999070208,2.4033203125,1,0.006466363945336781
Dataset 1,BMS-1_runtime_fast_pruned,Cell12,5,48.0,Best-single-selected,Best-single-selected,per_fold_selected,ElasticNet,narrow_36_385,measurement_update,1.0,0.902914289648216,0.9222133545624085,0.019299064914192532,0.21250999998301268,1.6192600000977109,1.8317700000807235,2.4033203125,1,0.006466363945336781
Dataset 1,BMS-1_runtime_fast_pruned,Cell12,6,62.0,Best-single-selected,Best-single-selected,per_fold_selected,ElasticNet,narrow_36_385,measurement_update,1.0,0.8835872291680703,0.9020135312621518,0.01842630209408147,0.21031000005677924,1.6117899999699148,1.822100000026694,2.4033203125,1,0.006466363945336781
Dataset 1,BMS-1_runtime_fast_pruned,Cell12,7,96.0,Best-single-selected,Best-single-selected,per_fold_selected,ElasticNet,narrow_36_385,measurement_update,1.0,0.8435827701031352,0.8574294899482845,0.013846719845149291,0.20810000000892614,1.640389999920444,1.8484899999293702,2.4033203125,1,0.006466363945336781
Dataset 1,BMS-1_runtime_fast_pruned,Cell12,8,134.0,Best-single-selected,Best-single-selected,per_fold_selected,ElasticNet,narrow_36_385,measurement_update,1.0,0.8009149314642102,0.812352062920179,0.011437131455968808,0.24991000009322306,2.6790000001710723,2.9289100002642954,2.4033203125,1,0.006466363945336781
Dataset 1,BMS-1_runtime_fast_pruned,Cell12,9,183.0,Best-single-selected,Best-single-selected,per_fold_selected,ElasticNet,narrow_36_385,measurement_update,1.0,0.6974801138118732,0.7008686964068327,0.003388582594959444,0.6477400002040667,2.620609999894441,3.2683500000985077,2.4033203125,1,0.006466363945336781
Dataset 1,BMS-1_runtime_fast_pruned,Cell12,0,0.0,MAW-GME-full-36experts,MAW-GME-full-36experts,adaptive_windows,MAW-GME-full-36experts,adaptive_windows,measurement_update,1.0,1.0,0.9919604455998619,0.00803955440013815,7.537750999972559,699.2686130001857,706.8063640001583,15563.40234375,36,0.016885538543846963
Dataset 1,BMS-1_runtime_fast_pruned,Cell12,1,9.0,MAW-GME-full-36experts,MAW-GME-full-36experts,adaptive_windows,MAW-GME-full-36experts,adaptive_windows,measurement_update,1.0,0.9667044640353876,0.9680089450534465,0.0013044810180589117,6.213650000063353,715.1371550000931,721.3508050001565,15563.40234375,36,0.016885538543846963
Dataset 1,BMS-1_runtime_fast_pruned,Cell12,2,18.0,MAW-GME-full-36experts,MAW-GME-full-36experts,adaptive_windows,MAW-GME-full-36experts,adaptive_windows,measurement_update,1.0,0.9498204232256142,0.960315655367384,0.010495232141769728,6.217891000005693,730.8095660000617,737.0274570000674,15563.40234375,36,0.016885538543846963
Dataset 1,BMS-1_runtime_fast_pruned,Cell12,3,26.0,MAW-GME-full-36experts,MAW-GME-full-36experts,adaptive_windows,MAW-GME-full-36experts,adaptive_windows,measurement_update,1.0,0.934581358507137,0.9458985085510698,0.011317150043932855,9.231531000068571,737.3225259998435,746.5540569999121,15563.40234375,36,0.016885538543846963
Dataset 1,BMS-1_runtime_fast_pruned,Cell12,4,39.0,MAW-GME-full-36experts,MAW-GME-full-36experts,adaptive_windows,MAW-GME-full-36experts,adaptive_windows,measurement_update,1.0,0.9143708036608496,0.9303708423952085,0.016000038734358957,6.245131000014226,705.6199840001227,711.8651150001369,15563.40234375,36,0.016885538543846963
Dataset 1,BMS-1_runtime_fast_pruned,Cell12,5,48.0,MAW-GME-full-36experts,MAW-GME-full-36experts,adaptive_windows,MAW-GME-full-36experts,adaptive_windows,measurement_update,1.0,0.902914289648216,0.9264948076422362,0.023580517994020278,6.453999999848747,678.4073119999903,684.861311999839,15563.40234375,36,0.016885538543846963
Dataset 1,BMS-1_runtime_fast_pruned,Cell12,6,62.0,MAW-GME-full-36experts,MAW-GME-full-36experts,adaptive_windows,MAW-GME-full-36experts,adaptive_windows,measurement_update,1.0,0.8835872291680703,0.9060902731265414,0.022503043958471136,6.390389999978652,735.475426999983,741.8658169999617,15563.40234375,36,0.016885538543846963
Dataset 1,BMS-1_runtime_fast_pruned,Cell12,7,96.0,MAW-GME-full-36experts,MAW-GME-full-36experts,adaptive_windows,MAW-GME-full-36experts,adaptive_windows,measurement_update,1.0,0.8435827701031352,0.8539999931009818,0.010417222997846642,7.378590000143959,710.6559050000669,718.0344950002109,15563.40234375,36,0.016885538543846963
Dataset 1,BMS-1_runtime_fast_pruned,Cell12,8,134.0,MAW-GME-full-36experts,MAW-GME-full-36experts,adaptive_windows,MAW-GME-full-36experts,adaptive_windows,measurement_update,1.0,0.8009149314642102,0.8150673138677113,0.01415238240350103,6.858510000029128,717.4812749999546,724.3397849999837,15563.40234375,36,0.016885538543846963
Dataset 1,BMS-1_runtime_fast_pruned,Cell12,9,183.0,MAW-GME-full-36experts,MAW-GME-full-36experts,adaptive_windows,MAW-GME-full-36experts,adaptive_windows,measurement_update,1.0,0.6974801138118732,0.7196345726486982,0.022154458836824986,7.260261000055834,696.092452999892,703.3527139999478,15563.40234375,36,0.016885538543846963
Dataset 1,BMS-1_runtime_fast_pruned,Cell12,0,0.0,Fast-MAW-GME-K3-latency-aware,Fast-MAW-GME-K3-latency-aware,adaptive_windows,Fast-MAW-GME-K3-latency-aware,adaptive_windows,measurement_update,1.0,1.0,1.0006807676022356,0.0006807676022355658,1.11630000014884,81.90618699995866,83.0224870001075,1959.23828125,3,0.008293498800579382
Dataset 1,BMS-1_runtime_fast_pruned,Cell12,1,9.0,Fast-MAW-GME-K3-latency-aware,Fast-MAW-GME-K3-latency-aware,adaptive_windows,Fast-MAW-GME-K3-latency-aware,adaptive_windows,measurement_update,1.0,0.9667044640353876,0.9779362232458909,0.011231759210503345,0.9345690000372997,80.52135799994176,81.45592699997906,1959.23828125,3,0.008293498800579382
Dataset 1,BMS-1_runtime_fast_pruned,Cell12,2,18.0,Fast-MAW-GME-K3-latency-aware,Fast-MAW-GME-K3-latency-aware,adaptive_windows,Fast-MAW-GME-K3-latency-aware,adaptive_windows,measurement_update,1.0,0.9498204232256142,0.9627787972743611,0.01295837404874689,0.9605200000351033,76.83235699983015,77.79287699986526,1959.23828125,3,0.008293498800579382
Dataset 1,BMS-1_runtime_fast_pruned,Cell12,3,26.0,Fast-MAW-GME-K3-latency-aware,Fast-MAW-GME-K3-latency-aware,adaptive_windows,Fast-MAW-GME-K3-latency-aware,adaptive_windows,measurement_update,1.0,0.934581358507137,0.9490512878166255,0.014469929309488538,0.9934199999861448,82.85368700012441,83.84710700011055,1959.23828125,3,0.008293498800579382
Dataset 1,BMS-1_runtime_fast_pruned,Cell12,4,39.0,Fast-MAW-GME-K3-latency-aware,Fast-MAW-GME-K3-latency-aware,adaptive_windows,Fast-MAW-GME-K3-latency-aware,adaptive_windows,measurement_update,1.0,0.9143708036608496,0.9288808612097842,0.01451005754893464,1.0362309999436548,82.70583800003806,83.74206899998171,1959.23828125,3,0.008293498800579382
Dataset 1,BMS-1_runtime_fast_pruned,Cell12,5,48.0,Fast-MAW-GME-K3-latency-aware,Fast-MAW-GME-K3-latency-aware,adaptive_windows,Fast-MAW-GME-K3-latency-aware,adaptive_windows,measurement_update,1.0,0.902914289648216,0.9214794649250809,0.018565175276864965,0.9257300000626856,78.55583699983981,79.4815669999025,1959.23828125,3,0.008293498800579382
Dataset 1,BMS-1_runtime_fast_pruned,Cell12,6,62.0,Fast-MAW-GME-K3-latency-aware,Fast-MAW-GME-K3-latency-aware,adaptive_windows,Fast-MAW-GME-K3-latency-aware,adaptive_windows,measurement_update,1.0,0.8835872291680703,0.9031236312524291,0.019536402084358806,0.7854699999825243,85.36739700002727,86.15286700000979,1959.23828125,3,0.008293498800579382
Dataset 1,BMS-1_runtime_fast_pruned,Cell12,7,96.0,Fast-MAW-GME-K3-latency-aware,Fast-MAW-GME-K3-latency-aware,adaptive_windows,Fast-MAW-GME-K3-latency-aware,adaptive_windows,measurement_update,1.0,0.8435827701031352,0.854913805142375,0.011331035039239823,0.9525799998755247,93.82493800012526,94.77751800000078,1959.23828125,3,0.008293498800579382
Dataset 1,BMS-1_runtime_fast_pruned,Cell12,8,134.0,Fast-MAW-GME-K3-latency-aware,Fast-MAW-GME-K3-latency-aware,adaptive_windows,Fast-MAW-GME-K3-latency-aware,adaptive_windows,measurement_update,1.0,0.8009149314642102,0.8125089409235656,0.011594009459355403,1.066090999984226,83.38952799999788,84.45561899998211,1959.23828125,3,0.008293498800579382
Dataset 1,BMS-1_runtime_fast_pruned,Cell12,9,183.0,Fast-MAW-GME-K3-latency-aware,Fast-MAW-GME-K3-latency-aware,adaptive_windows,Fast-MAW-GME-K3-latency-aware,adaptive_windows,measurement_update,1.0,0.6974801138118732,0.7019000893794975,0.004419975567624301,1.6877000000476983,99.3078690000857,100.9955690001334,1959.23828125,3,0.008293498800579382
Dataset 1,BMS-1_runtime_fast_pruned,Cell12,0,0.0,Fast-MAW-GME-K5-latency-aware,Fast-MAW-GME-K5-latency-aware,adaptive_windows,Fast-MAW-GME-K5-latency-aware,adaptive_windows,measurement_update,1.0,1.0,1.000020346437076,2.0346437076046442e-05,1.4535099999193335,157.1719139999459,158.62542399986523,3917.3388671875,5,0.009132940184018688
Dataset 1,BMS-1_runtime_fast_pruned,Cell12,1,9.0,Fast-MAW-GME-K5-latency-aware,Fast-MAW-GME-K5-latency-aware,adaptive_windows,Fast-MAW-GME-K5-latency-aware,adaptive_windows,measurement_update,1.0,0.9667044640353876,0.9782692061697003,0.011564742134312689,1.3000200001442863,153.90364399991086,155.20366400005514,3917.3388671875,5,0.009132940184018688
Dataset 1,BMS-1_runtime_fast_pruned,Cell12,2,18.0,Fast-MAW-GME-K5-latency-aware,Fast-MAW-GME-K5-latency-aware,adaptive_windows,Fast-MAW-GME-K5-latency-aware,adaptive_windows,measurement_update,1.0,0.9498204232256142,0.9627670107545605,0.012946587528946285,1.4092900000832742,167.29703499981952,168.7063249999028,3917.3388671875,5,0.009132940184018688
Dataset 1,BMS-1_runtime_fast_pruned,Cell12,3,26.0,Fast-MAW-GME-K5-latency-aware,Fast-MAW-GME-K5-latency-aware,adaptive_windows,Fast-MAW-GME-K5-latency-aware,adaptive_windows,measurement_update,1.0,0.934581358507137,0.9491349130442348,0.014553554537097835,1.4472809998551384,159.6435639999072,161.09084499976234,3917.3388671875,5,0.009132940184018688
Dataset 1,BMS-1_runtime_fast_pruned,Cell12,4,39.0,Fast-MAW-GME-K5-latency-aware,Fast-MAW-GME-K5-latency-aware,adaptive_windows,Fast-MAW-GME-K5-latency-aware,adaptive_windows,measurement_update,1.0,0.9143708036608496,0.9281378060769397,0.01376700241609019,1.7076300000553601,158.72427499994046,160.43190499999582,3917.3388671875,5,0.009132940184018688
Dataset 1,BMS-1_runtime_fast_pruned,Cell12,5,48.0,Fast-MAW-GME-K5-latency-aware,Fast-MAW-GME-K5-latency-aware,adaptive_windows,Fast-MAW-GME-K5-latency-aware,adaptive_windows,measurement_update,1.0,0.902914289648216,0.921093883763344,0.01817959411512804,1.4650599998731195,157.58235399994192,159.04741399981503,3917.3388671875,5,0.009132940184018688
Dataset 1,BMS-1_runtime_fast_pruned,Cell12,6,62.0,Fast-MAW-GME-K5-latency-aware,Fast-MAW-GME-K5-latency-aware,adaptive_windows,Fast-MAW-GME-K5-latency-aware,adaptive_windows,measurement_update,1.0,0.8835872291680703,0.9029485470852436,0.019361317917173326,1.4499999999770807,158.68400399995153,160.1340039999286,3917.3388671875,5,0.009132940184018688
Dataset 1,BMS-1_runtime_fast_pruned,Cell12,7,96.0,Fast-MAW-GME-K5-latency-aware,Fast-MAW-GME-K5-latency-aware,adaptive_windows,Fast-MAW-GME-K5-latency-aware,adaptive_windows,measurement_update,1.0,0.8435827701031352,0.853532640612596,0.009949870509460834,1.5010310000889149,161.99511400009214,163.49614500018106,3917.3388671875,5,0.009132940184018688
Dataset 1,BMS-1_runtime_fast_pruned,Cell12,8,134.0,Fast-MAW-GME-K5-latency-aware,Fast-MAW-GME-K5-latency-aware,adaptive_windows,Fast-MAW-GME-K5-latency-aware,adaptive_windows,measurement_update,1.0,0.8009149314642102,0.8131494631715237,0.012234531707313478,1.5046900000470487,167.92712500000562,169.43181500005267,3917.3388671875,5,0.009132940184018688
Dataset 1,BMS-1_runtime_fast_pruned,Cell12,9,183.0,Fast-MAW-GME-K5-latency-aware,Fast-MAW-GME-K5-latency-aware,adaptive_windows,Fast-MAW-GME-K5-latency-aware,adaptive_windows,measurement_update,1.0,0.6974801138118732,0.7035644850212341,0.006084371209360895,1.4070600000195554,163.02889500002493,164.4359550000445,3917.3388671875,5,0.009132940184018688
